Mode,AvgSINR,Energy (J),SuccessRate
Eco-Safe,5.8503916053213825,50.00000000000045,0.9987029288702928
Max-Power,5.8503916053213825,50.00000000000045,0.725020920502092
