Mode,AvgSINR,Energy (J),SuccessRate
Eco-Safe,5.8503916053213825,50.00000000000045,0.9991213389121338
Max-Power,5.8503916053213825,50.00000000000045,0.7319665271966527
