Mode,AvgSINR,Energy (J),SuccessRate
Eco-Safe,-10.197540365243219,50.00000000000045,0.4898744769874477
Max-Power,-9.05853918814627,50.00000000000045,0.646317991631799
