Mode,AvgSINR,Energy (J),SuccessRate
Eco-Safe,-15.933903337638883,50.00000000000045,0.4810878661087866
Max-Power,-15.933903337638883,50.00000000000045,0.8130125523012554
