Combination,SuccessRate,Handovers,SINR
Grp 0: Baseline,0.21370967741935482,10.0,5.79743702362217
Grp 1: MEC Only,0.8934274193548387,10.0,5.79743702362217
Grp 2: HO Only,0.21354838709677415,0.98,-13.422360909897307
Grp 3: Full IBN,0.40866935483870975,0.88,-14.558184182007711
