Combination,SuccessRate,Handovers,SINR
Grp 0: Baseline,0.21370967741935482,10.0,5.79743702362217
Grp 1: MEC Only,0.8941532258064514,10.0,5.79743702362217
Grp 2: HO Only,0.21370967741935482,1.0,-14.014859315227083
Grp 3: Full IBN,0.513508064516129,1.0,-14.014859315227083
