Combination,SuccessRate,Handovers,SINR
Grp 0: Baseline,0.21370967741935482,10.0,5.79743702362217
Grp 1: MEC Only,0.9647177419354839,10.0,5.79743702362217
Grp 2: HO Only,0.21370967741935482,6.0,9.543624494631402
Grp 3: Full IBN,0.9995564516129032,6.0,9.543624494631402
