ep,sr,ho,rew_mec,rew_ho
0,0.6818181818181818,0,7.438220142387014,24.11600362264213
1,0.45454545454545453,0,-10.47835910289005,43.77990220690985
2,0.09090909090909091,0,-36.84024529903469,28.27719037283919
3,0.3181818181818182,0,-20.313839438629195,20.056071233843607
4,0.18181818181818182,0,-31.13032983210777,43.43949024724559
5,0.18181818181818182,0,-29.83079133994743,28.27719037283919
6,0.4090909090909091,0,-14.844417992670815,18.205335750664727
7,0.0,0,-44.0,43.29439630839268
